uid,peticao_ia,peticao_referencia,bertscore_f1
2EqodcxNSMMTBo8qW3BqiPEZWoG31,"Nestes autos do processo nº 1234567-89.2023.8.26.0100, em trâmite perante a 3ª Vara Criminal da Comarca de São Paulo,  em Ação Penal (AC) proposta pelo Ministério Público do Estado de São Paulo,  vem à presença de Vossa Excelência, José Henrique da Silva, brasileiro, solteiro, CPF nº 123.456.789-00, residente e domiciliado na Rua das Palmeiras, 100 - Apto 12B, Bairro Centro, São Paulo - SP, CEP 01001-000,  atualmente preso, por meio de sua advogada, Dra. Juliana Andrade Pereira, infra-assinada, apresentar a presente defesa prévia.


Nestes autos do processo nº 1234567-89.2023.8.26.0100, que apura a prática do crime previsto no art. 157, §2º, I e II, do Código Penal, ocorrido em 21/04/2025, na Avenida Paulista, nº 1234 – São Paulo/SP, o réu José Henrique da Silva,  por meio de sua defesa, apresenta-se para, preliminarmente, tecer alguns apontamentos relevantes à instrução processual.  Conforme se depreende dos autos, o acusado admite a autoria do delito,  circunstância que será analisada em momento oportuno,  considerando a ausência de testemunhas e a necessidade de uma minuciosa avaliação das circunstâncias fáticas do evento,  para a adequada dosimetria da pena,  à luz do princípio da individualização da pena,  e a busca pela justa aplicação da lei penal.  A ausência de antecedentes criminais do réu constitui fator relevante a ser considerado na presente fase processual.


3.0 - ARGUMENTAÇÃO JURÍDICA (Detalhada)

Nestes autos do processo nº 1234567-89.2023.8.26.0100, que apura a prática do crime previsto no art. 157, §2º, I e II, do Código Penal, o réu José Henrique da Silva, por meio de sua defesa, requer a mais atenta consideração do Juízo sobre os pontos a seguir expostos, essenciais para a justa e adequada solução da demanda.  A admissão da autoria pelo réu, conforme consignado na exordial, não implica, automaticamente, na sua condenação.  Ao contrário,  tal circunstância deve ser analisada com cautela,  considerando-se a ausência de provas robustas que corroborem a narrativa acusatória e a necessidade de uma minuciosa avaliação das circunstâncias fáticas,  à luz dos princípios constitucionais que regem o processo penal.

3.1 - Nulidades ou vícios processuais: A defesa sustenta a possibilidade de vício no processo, decorrente da ausência de julgamento imparcial, considerando a fragilidade probatória apresentada pela acusação, que se baseia em elementos insuficientes para a formação de um convencimento seguro e isento de dúvidas razoáveis sobre a culpabilidade do réu. A ausência de testemunhas presenciais e a falta de provas materiais robustas geram um cenário de incerteza que compromete a imparcialidade do julgamento, exigindo-se uma análise criteriosa da prova produzida,  sob pena de violação do direito fundamental à ampla defesa e ao contraditório.

3.2 - Inexistência de materialidade ou autoria:  A materialidade do delito, embora alegada pela acusação, não se encontra cabalmente comprovada nos autos.  A ausência de provas contundentes, como testemunhas oculares ou provas periciais irrefutáveis, gera dúvidas razoáveis quanto à efetiva ocorrência do crime nos termos narrados na denúncia.  A  própria admissão da autoria pelo réu, sem a devida comprovação fática, não se configura como prova suficiente para a condenação, exigindo-se a demonstração inequívoca da materialidade delitiva.  A ausência de elementos que comprovem a autoria, de forma segura e inquestionável,  configura um óbice à condenação.

3.3 - Excludentes de ilicitude ou culpabilidade: Embora não se identifiquem, neste momento processual, excludentes de ilicitude ou culpabilidade expressamente previstas em lei, a fragilidade probatória apresentada pela acusação,  associada à ausência de elementos que comprovem a materialidade e autoria do delito,  devem ser considerados como fatores que mitigam a responsabilidade penal do réu.  A ausência de antecedentes criminais do réu, por si só, demonstra a sua boa conduta social e reforça a necessidade de uma análise cuidadosa e isenta de todos os elementos probatórios.

3.4 - Princípios violados: A presente ação penal sofre de grave violação ao devido processo legal,  princípio basilar do Estado Democrático de Direito.  A ausência de provas robustas que comprovem a materialidade e autoria do delito,  associada à fragilidade da acusação,  implica em violação ao direito fundamental à presunção de inocência,  garantido pela Constituição Federal.  A condenação do réu, com base em provas frágeis e insuficientes,  representaria uma grave violação ao devido processo legal,  comprometendo a isonomia e a justiça no julgamento.  A defesa requer, portanto, a absolvição do réu,  ou, subsidiariamente,  a redução da pena,  considerando-se a ausência de antecedentes criminais e a fragilidade da prova apresentada pela acusação.


Diante do exposto, considerando a fragilidade probatória apresentada pela acusação, a ausência de provas robustas que comprovem a materialidade e autoria do delito, bem como a violação ao devido processo legal e ao princípio da presunção de inocência, requer-se, com fundamento nos artigos 386, inciso VI, e 397, ambos do Código de Processo Penal, a absolvição sumária do réu José Henrique da Silva, pela inexistência do fato.  A ausência de elementos probatórios suficientes para embasar uma condenação, conforme demonstrado nos itens anteriores, torna inviável a prolação de um julgamento justo e imparcial.  A admissão de autoria, isoladamente, sem a comprovação da materialidade delitiva, não se configura como prova suficiente para a condenação.  Em razão disso, e considerando a ausência de pedido subsidiário, requer-se, por fim, a extinção da punibilidade, em virtude da demonstração cabal da insuficiência probatória para a condenação do réu.


5.0 - DOCUMENTAÇÃO E PROVAS (Anexos)

5.1 - Lista de documentos:

Apresenta-se, para corroborar a defesa do réu Carlos Henrique da Silva, a Certidão emitida pela Secretaria de Segurança Pública do Estado de São Paulo em 02/04/2025 (Anexo I), a qual atesta a inexistência de antecedentes criminais.  A referida certidão demonstra a primariedade e a boa conduta social do réu, fatores relevantes para a ponderação da eventual aplicação de pena, caso se chegue a uma condenação, bem como para o eventual pedido de liberdade provisória.  A ausência de laudos técnicos e testemunhas, neste momento, não compromete a solidez da defesa, uma vez que a própria fragilidade da acusação, como demonstrado nos itens anteriores, já demonstra a insuficiência de provas para a condenação.  A defesa se reserva o direito de apresentar novas provas caso sejam encontradas.


Diante do exposto, requer a Vossa Excelência a análise criteriosa da presente defesa prévia, considerando a confissão do réu, a ausência de antecedentes criminais e a necessidade de minuciosa avaliação das circunstâncias fáticas para justa dosimetria da pena, em consonância com o princípio da individualização.  Requer, ainda, a produção de todas as provas necessárias à elucidação dos fatos,  garantindo-se o direito de ampla defesa e contraditório.  Pede deferimento.


São Paulo, 27 de maio de 2025.


[Nome do Advogado]

[OAB/UF Nº]
","AO JUÍZO DE xxxxx ESTADO, VARA DE PROCESSO CRIMINAL

I-Das partes

xxxxxxxxx, nacionalidade, estado civil, profissão, com cédula de identidade xxxxxxxxxxx/Estado, CPF xxxxxxxxx-xx, residente e domiciliado na rua tal, nº xx, bairro tal, na cidade de XXXX ESTADO. Vem á presença deste juízo por meio da representação de seu advogado (a) xxxxxxx, com devida procuração anexa nos autos.

Em face xxxxx, nacionalidade, estado civil, profissão, com cédula de identidade xxxxxxxxxxx/Estado, CPF xxxxxxxxx-xx, residente e domiciliado na rua tal, nº xx, bairro tal, na cidade de Cidade, Estado.

Em face de Pai de xxxxx, nacionalidade, estado civil, profissão, com cédula de identidade xxxxxxxxxxx/Estado, CPF xxxxxxxxx-xx, residente e domiciliado na rua tal, nº xx, bairro tal, na cidade de Cidade, Estado.

II- Dos Fatos

O sr. xxxxx estava tomando um refrigerante no bar próximo de sua residência. Enquanto isso chegou o sr xxxxx de tal que é filho do proprietário e também conhecido já de longa data do requerente. João de tal estava realizando uma poda de arvore e por isso Fulano de tal fez uma menção de brincadeira que este estava a “derrubar mangas em seu quintal”.

Por conta de sua brincadeira, o mesmo recebeu ofensa e também injúria racial, posterior á isso, com incentivo de seu pai, o sr xxxxx desferiu um golpe de tesoura no sr. xxxx, e o pai de João de tal desferiu um golpe utilizando 1 taco utilizado no jogo de sinuca.

Posterior a isso o sr José de tal se levantou, retirando a tesoura encravada em seu peito e desferiu um golpe no sr xxxx Ambos permaneceram internado, entretanto o sr xxxx acabou entrando em óbito devido uma infecção.

III- Do Direito

Temos que o xxxx, possui o direito de ampla defesa,o princípio do contraditório e da ampla defesa é assegurado pelo artigo 5º, inciso LV da Constituição Federal. Já a ampla defesa corresponde ao direito da parte de se utilizar de todos os meios a seu dispor para alcançar seu direito, seja através de provas ou de recursos.
Garantia da presença de advogado pela Lei 13.245/16, que expressa art. 7º, inciso XXI [...] “assistir a seus clientes investigados durante a apuração de infrações, sob pena de nulidade absoluta do respectivo interrogatório ou depoimento e, subsequentemente, de todos os elementos investigatórios e probatórios dele decorrentes ou derivados, direta ou indiretamente, podendo, inclusive, no curso da respectiva apuração”.
Alegar como atenuante, a forte emoção que levou o sr. João de tal realizar o crime.
Pedir danos morais por injúria racial e lesão corporal.
IV da Jurisprudência, Leis e Doutrinas

1- Lesão Corporal

Código Penal

O crime de lesão corporal está inserido no capitulo dos crimes contra a vida, no artigo 129 do Código Penal, que pune a conduta de alguém ofender a integridade física ou a saúde de outra pessoa.

""O motivo fútil e o motivo torpe são circunstâncias agravantes que determinam maior gravidade da culpabilidade. Figuram, também, como circunstâncias qualificadoras do delito de homicídio (art. 121, § 2.º, I e II, CP).

Jurisprudência (Lesão Corporal por Motivo Torpe)

Tribunal de Justiça do Distrito Federal e Territórios TJ-DF xxxxx- 58.2013.8.07.0003 DF xxxxx- 58.2013.8.07.0003

2-Pedido de Homicídio Privilegiado

Código Penal:

Art. 65 – São circunstâncias que sempre atenuam a pena:

(…)

III – ter o agente:

(…)

c) cometido o crime sob coação a que podia resistir, ou em cumprimento de ordem de autoridade superior, ou sob a influência de violenta emoção, provocada por ato injusto da vítima;

Homicídio Simples- Art. 121. Matar alguém:

Pena – reclusão, de seis a vinte anos.

Caso de diminuição de pena

§ 1º Se o agente comete o crime impelido por motivo de relevante valor social ou moral, ou sob o domínio de violenta emoção, logo em seguida a injusta provocação da vítima, o juiz pode reduzir a pena de um sexto a um terço.

LEI Nº 13,245/2016

XIV - examinar, em qualquer instituição responsável por conduzir investigação, mesmo sem procuração, autos de flagrante e de investigações de qualquer natureza, findos ou em andamento, ainda que conclusos à autoridade, podendo copiar peças e tomar apontamentos, em meio físico ou digital;

.............................................................................................

XXI - assistir a seus clientes investigados durante a apuração de infrações, sob pena de nulidade absoluta do respectivo interrogatório ou depoimento e, subsequentemente, de todos os elementos investigatórios e probatórios dele decorrentes ou derivados, direta ou indiretamente, podendo, inclusive, no curso da respectiva apuração:

apresentar razões e quesitos;
Doutrina:

Hass (2021) esclarece que o Crime de Homicídio Privilegiado nada mais é do que uma causa de diminuição de pena (homicídio minorado), onde sua aplicação ocorre na terceira fase do critério trifásico. Portanto ao analisar o que diz o parágrafo primeiro no artigo 121, fica claro que temos em nosso Código Penal, três privilegiadoras. São elas: motivo de relevante valor social, motivo de relevante valor moral e domínio de violenta emoção logo em seguida a injusta provocação da vítima.

Jurisprudência:

Tribunal de Justiça do Estado da Bahia TJ-Bahia- Apelação: APL xxxxx-42.1997.8.05.001 BA XXXXX-42.1997.8.05.001.

V- Dos pedidos

Representação efetiva do advogado em todas as partes do processo
Apresentação de imagens de câmera do bar ou próximas ao local do crime
Acolhimento de atenuante por homicídio cometido em efeito de forte emoção
Consideração por homicídio privilegiado contra sr João de Tal
Pedido de danos morais e materiais pela lesão corporal cometida pelo Pai do sr. Fulano de tal
Vistas do prontuário médico do senhor João de tal que comprovam que a causa de sua morte foi por intercorrência de uma infecção hospitalar
BRASIL, LEI Nº 13,245. 12 de janeiro de 2016. Que altera o art. 7º da Lei nº 8.906, de 4 de julho de 1994 ( Estatuto da Ordem dos Advogados do Brasil).


Cidade, data, ano.

Advogado (a)

OAB/ xxx MT",0.5214208364486694
2EqodcxNSMMTBo8qW3BqiPEZWoG32,"Nestes autos do processo nº 1234567-89.2023.8.26.0100, que tramitam perante a 3ª Vara Criminal da Comarca de São Paulo, em Ação Penal (AC) proposta pelo Ministério Público do Estado de São Paulo em face de José Henrique da Silva, brasileiro, solteiro, CPF nº 123.456.789-00, residente e domiciliado na Rua das Palmeiras, 100 - Apto 12B, Bairro Centro, São Paulo - SP, CEP 01001-000, atualmente preso, vem à presença de Vossa Excelência, por meio de sua Defensora, Dra. Juliana Andrade Pereira, apresentar a presente peça de defesa.


Nestes autos do processo nº 1234567-89.2023.8.26.0100, que tramitam perante a 3ª Vara Criminal da Comarca de São Paulo, em Ação Penal (AC) proposta pelo Ministério Público do Estado de São Paulo em face de José Henrique da Silva, imputado pela prática do crime previsto no art. 157, §2º, I e II, do Código Penal, ocorrido em 21/04/2025, na Avenida Paulista, nº 1234 – São Paulo/SP, a defesa preliminar, apresentada por meio desta peça,  tem por objetivo apresentar os primeiros argumentos defensivos, considerando a confissão do réu, a ausência de testemunhas presenciais e a inexistência de antecedentes criminais.  A estratégia defensiva será apresentada em momento oportuno, após a análise completa dos autos e da prova produzida.


3.0 - ARGUMENTAÇÃO JURÍDICA (Detalhada)

Nestes autos, que tratam da imputação de crime previsto no art. 157, §2º, I e II, do Código Penal, ao réu José Henrique da Silva, a defesa sustenta a improcedência da ação penal, com base em argumentos que demonstram a fragilidade da acusação e a ausência de justa causa para a condenação.  A confissão do réu, mencionada pela acusação, não se apresenta como prova robusta e inconteste, devendo ser analisada com cautela e em conjunto com o restante do contexto probatório, que se mostra, até o momento, insuficiente para embasar uma condenação.  A ausência de testemunhas presenciais e a inexistência de antecedentes criminais do réu corroboram a necessidade de uma análise criteriosa e isenta dos fatos, afastando a presunção de culpa e garantindo o direito fundamental à ampla defesa.

3.1 - Nulidades ou vícios processuais:  A defesa reserva-se o direito de arguir eventuais nulidades ou vícios processuais após a integral instrução processual, mediante análise pormenorizada de todos os atos praticados.  No entanto, desde já, alerta-se para a necessidade de um julgamento imparcial, livre de qualquer influência externa ou preconceito, garantindo-se ao réu o pleno exercício do direito de defesa, conforme preceitua a Constituição Federal.  A ausência de tal imparcialidade, caso constatada, ensejará a anulação de todo o processo.

3.2 - Inexistência de materialidade ou autoria:  A materialidade do delito, apesar de alegada pela acusação, não se encontra cabalmente comprovada nos autos.  A ausência de testemunhas presenciais e a fragilidade das provas apresentadas até o momento demonstram a necessidade de uma investigação mais aprofundada, capaz de elucidar os fatos e apontar, com certeza, a autoria e a materialidade do crime.  A mera confissão do réu, sem corroboração por outros elementos probatórios, é insuficiente para sustentar a acusação.

3.3 - Excludentes de ilicitude ou culpabilidade:  A defesa reserva-se o direito de apresentar, em momento oportuno, argumentos relativos a possíveis excludentes de ilicitude ou culpabilidade, após a análise completa do conjunto probatório.  A presente peça visa, inicialmente, demonstrar a fragilidade da acusação e a necessidade de uma análise mais acurada dos fatos antes de qualquer conclusão precipitada.

3.4 - Princípios violados:  A acusação, na forma como apresentada, demonstra uma potencial violação ao devido processo legal, princípio basilar do Estado Democrático de Direito.  A ausência de provas robustas que comprovem a materialidade e a autoria do crime, aliada à necessidade de um julgamento imparcial e isento, exige uma análise cautelosa e criteriosa dos autos, evitando-se a condenação de um inocente com base em meras conjecturas.  A defesa pugna pela observância integral dos princípios constitucionais, garantindo-se ao réu o direito à ampla defesa, ao contraditório e à presunção de inocência.


Diante do exposto, considerando a fragilidade da acusação, a ausência de provas robustas que comprovem a materialidade e autoria do crime, e a inexistência de justa causa para a condenação, requer-se, com fulcro nos artigos 395 e 397 do Código de Processo Penal, a extinção da punibilidade, por ausência de provas suficientes para embasar a acusação.  Caso Vossa Excelência entenda de forma diversa, requer-se, subsidiariamente, a realização de diligências complementares que permitam a elucidação completa dos fatos, garantindo-se o direito à ampla defesa e o contraditório, pilares do Estado Democrático de Direito.  A defesa reitera a necessidade de um julgamento isento e imparcial, baseado em provas concretas e não em meras conjecturas, assegurando-se ao réu o direito à presunção de inocência até o trânsito em julgado de sentença condenatória.  A eventual condenação, sem a comprovação cabal dos fatos narrados na denúncia, representaria grave violação aos princípios constitucionais que regem o processo penal.


5.0 - DOCUMENTAÇÃO E PROVAS (Anexos)

5.1 - Lista de documentos:

A defesa apresenta, para corroborar a tese de improcedência da ação penal, a Certidão emitida pela Secretaria de Segurança Pública do Estado de São Paulo em 02/04/2025 (Anexo I), a qual atesta a inexistência de antecedentes criminais de Carlos Henrique da Silva.  A referida certidão demonstra a primariedade e a boa conduta social do réu, elementos relevantes para a análise da presente demanda, podendo influenciar positivamente em eventual pedido de liberdade provisória ou na aplicação de pena mais branda, caso haja condenação.  A ausência de laudos técnicos e testemunhas, neste momento processual, não compromete a solidez da defesa, uma vez que a própria fragilidade da acusação, demonstrada na argumentação jurídica, dispensa a necessidade de provas adicionais para a demonstração da improcedência da ação penal.  A defesa reserva-se o direito de apresentar novas provas e documentos no curso da instrução processual, caso necessário.


Diante do exposto, requer a Vossa Excelência a análise criteriosa da presente defesa preliminar, considerando a confissão do réu, a ausência de testemunhas presenciais e a inexistência de antecedentes criminais,  aguardando-se o momento processual oportuno para a apresentação da estratégia defensiva completa, após a devida análise de todo o conjunto probatório.  Requer, ainda, a concessão de todos os benefícios legais cabíveis ao réu José Henrique da Silva.


[São Paulo, 27 de maio de 2025]


[Dra. Juliana Andrade Pereira]

[OAB/SP Nº]
","AO JUÍZO DA __ VARA CÍVEL DA COMARCA DE _________

NOME DO REQUERENTE, nacionalidade, estado civil, profissão, inscrito no CPF sob nº ___.___.___-__, portador do RG nº _______ órgão expedidor ____, endereço eletrônico _____________, residente e domiciliado à ______________, por intermédio de seu advogado subscrito, com endereço profissional ___________ e endereço eletrônico _______________, vem respeitosamente perante Vossa Excelência, com fundamento no artigo 319 e seguintes do Código de Processo Civil, ajuizar:

AÇÃO DE INDENIZAÇÃO POR DANOS MORAIS E MATERIAIS

em face de NOME DA REQUERIDA, nacionalidade, estado civil, profissão, inscrito no CPF sob nº ___.___.___-__, portador do RG nº ______ órgão expedidor ____, endereço eletrônico _____________, residente e domiciliado à ______________ , pelos fatos e fundamentos a seguir delineados.

I. DA GRATUIDADE DE JUSTIÇA

O requerente é estudante e está desempregado, não possuindo condições financeiras de pagar as custas e despesas do processo sem prejuízo próprio ou de sua família, conforme declaração de hipossuficiência anexa, com fundamento no Artigo 5º, LXXIV da Constituição Federal e Art. 98 do Código de Processo Civil. Desse modo, o requente faz jus à concessão da gratuidade de Justiça.

II. DOS FATOS

O requerente por diversos anos se prepara para o concurso público de Delegado de Polícia do estado __, cargo de seus sonhos, e por essa razão, trabalhou por dois anos para juntar o dinheiro da passagem e hospedagem para realizar tal prova.

Segundo edital em anexo, a prova objetiva do certame estava marcada para acontecer no dia 10 do último mês, dessa forma, visando participar do concurso, o requerente que é residente nesta comarca teria que se deslocar para a cidade de ___ para realizar da prova.

Por essa razão, o requerente reuniu suas economias e adquiriu da requerida, o pacote de passagem aérea de ida e volta no valor de R$ 2.000,00 (dois mil reais), conforme comprovantes em anexo.

Contudo, no dia da viagem, poucos minutos antes do embarque, a requerida informou para os passageiros que o voo atrasaria 2 (duas) horas por problemas na aeronave.

Quando chegou a hora do novo embarque, a companhia informou que a aeronave precisaria ser trocada, tendo em vista que a primeira ainda precisaria passar por novos reparos.

Passadas 3 (três) horas de atraso, finalmente o embarque aconteceu na nova aeronave, porém, poucos minutos após a decolagem o piloto informou que havia um problema e precisariam retornar ao aeroporto de origem, o que efetivamente aconteceu.

Depois de mais de 5 horas desde o primeiro comunicado de atraso, o requerente temendo não chegar a tempo para a realização da prova, se dirigiu até o balcão de informações da companhia aérea e solicitou que ele fosse colocado em um novo voo o que foi de imediato negado pelo representante da empresa, e de forma ríspida afirmou que o problema na aeronave seria brevemente resolvido.

Com quase 7 horas de atraso, a requerida informou que o voo havia sido cancelado, pois a segunda aeronave também não ficaria pronta para decolagem naquele dia.

O requerente então se dirigiu novamente até o balcão de informações pedindo a imediata recondução para outro voo, porém, além de ter seu pedido negado, foi completamente humilhado pelo representante da requerida, conforme se prova no vídeo que foi juntado aos autos.

Desamparado e sem condições de adquirir uma nova passagem de outra companhia, o requerente não conseguiu chegar a tempo de realizar a prova objetiva do concurso, o que ocasionou a sua eliminação.

Visando a reparação de tais absurdos, ajuíza-se a presente demanda.

III. FUNDAMENTOS JURÍDICOS

a) Da aplicabilidade do código de defesa do consumidor

O caso em apreço é uma típica relação de consumo, tendo as figuras de consumidor, fornecedor e produto/serviço bem definidas, conforme prevê o Código de Defesa do Consumidor de forma respectiva, nos artigos 2º, 3º e § 1º:

Art. 2º Consumidor é toda pessoa física ou jurídica que adquire ou utiliza produto ou serviço como destinatário final.
Art. 3º Fornecedor é toda pessoa física ou jurídica, pública ou privada, nacional ou estrangeira, bem como os entes despersonalizados, que desenvolvem atividade de produção, montagem, criação, construção, transformação, importação, exportação, distribuição ou comercialização de produtos ou prestação de serviços.
§ 1º Produto é qualquer bem, móvel ou imóvel, material ou imaterial.
Dessa forma, o Código de Defesa do Consumidor é plenamente aplicável ao caso em análise.

b) Da reparação dos danos morais

Analisando os fatos que foram narrados e os documentos e imagens que foram acostados nos presentes autos, não restam dúvidas que a situação gerada pela relação de consumo geraram prejuízos psicológicos, morais e patrimoniais que são passíveis de reparação.

O Código Civil em seus artigos 186 e 187 diz:

Art. 186. Aquele que, por ação ou omissão voluntária, negligência ou imprudência, violar direito e causar dano a outrem, ainda que exclusivamente moral, comete ato ilícito.
Art. 187. Também comete ato ilícito o titular de um direito que, ao exercê-lo, excede manifestamente os limites impostos pelo seu fim econômico ou social, pela boa-fé ou pelos bons costumes.
No caso em questão, com a eliminação do concurso do seus sonhos e com a humilhação sofrida, o requerente está passando por diversos problemas psicológicos, como se comprova nos laudos acostados nos autos.

Dessa forma não restam dúvidas que a requerida praticou atos lesivos ao requerente, causando-lhe além dos prejuízos materiais, prejuízos morais passíveis de indenização.

O Código de Defesa do Consumidor em seu artigo 14, caput e seu § 1º diz:

Art. 14. O fornecedor de serviços responde independentemente da existência de culpa, pela reparação dos danos causados aos consumidores por defeitos relativos à prestação dos serviços, bem como por informações insuficientes ou inadequadas sobre sua fruição e riscos.

No presente caso, o defeito na prestação do serviço está presente no ato da requerida atrasar o voo por mais de 7 (sete) horas e no fim cancelar o voo e não prestar nenhum tipo de auxílio ao requerente e nem sequer reembolsá-lo pelo valor da passagem.

Cabe ressaltar que independentemente do dano material ocasionado numa determinada circunstância, deve ser compensado também o dano moral, tendo em vista a eliminação no concurso público ocasionado pelo cancelamento do voo, bem como a situação vexatória e humilhante que os representantes da companhia submeteram o requerente.

O dano moral revela a sua face ante os prejuízos causados à personalidade do requerente, não se enquadrando no conceito doutrinário ou jurisprudencial de mero dissabor ou aborrecimento cotidiano, como provavelmente alegará a companhia aérea, ora demandada. Enfim, o nexo de causalidade entre os danos causados e o serviço prestado resta evidente, diante da relação de causalidade existente entre a ação arbitrária e descompromissada da (Companhia aérea) e os prejuízos causados aos autores.

Por consequência, os danos de natureza moral e material causados aos Requerentes, cabe à (Companhia aérea) indenizá-los, como forma de compensar, ou pelo menos amenizar, as perdas ocorridas. Inclusive, esse é o posicionamento adotado pelos tribunais pátrios, senão vejamos julgado em caso análogo:

AÇÃO DE INDENIZAÇÃO. CANCELAMENTO DE VÔO INTERNACIONAL. APLICAÇÃO DO CÓDIGO DE DEFESA DO CONSUMIDOR. CARACTERIZAÇÃO DE DANOS MATERIAIS E MORAIS. INDENIZAÇÃO DEVIDA. SENTENÇA MANTIDA. 1. A RELAÇÃO ESTABELECIDA ENTRE A EMPRESA DE TRANSPORTE AÉREO INTERNACIONAL E O PASSAGEIRO É DE CONSUMO. 2. NAS RELAÇÕES DE CONSUMO, A RESPONSABILIDADE DO FORNECEDOR DO PRODUTO OU DO SERVIÇO É OBJETIVA; LOGO, PRESCINDE DO ELEMENTO SUBJETIVO CULPA. 3. O CANCELAMENTO E O ATRASO DE VÔO SÃO FATOS GERADORES DE DIVERSOS PROBLEMAS, DESGASTES E FRUSTRAÇÕES CAPAZES DE ENSEJAR DANOS MORAIS. 4. A FIXAÇÃO DA INDENIZAÇÃO POR DANOS MORAIS DEVE OBSERVAR OS CRITÉRIOS DE RAZOABILIDADE E DE PROPORCIONALIDADE, ALÉM DE ATENDER AO CARÁTER COMPENSATÓRIO NO TOCANTE À VÍTIMA E À FUNÇÃO PUNITIVA E PREVENTIVA EM RELAÇÃO AO CAUSADOR DO DANO. 5. COMPROVADO O PREJUÍZO PATRIMONIAL DECORRENTE DO EVENTO DANOSO, É DEVIDA A INDENIZAÇÃO POR DANOS MATERIAIS. 6. RECURSOS CONHECIDOS E NÃO PROVIDOS (TJ-DF - APC: XXXXX DF XXXXX-23.2012.8.07.0001, Relator: SILVA LEMOS, Data de Julgamento: 18/12/2013, 3ª Turma Cível, Data de Publicação: Publicado no DJE : 17/01/2014. Pág.: 83). (Grifos nossos).
JUIZADO ESPECIAL CÍVEL. CONSUMIDOR. TRANSPORTE AÉREO. CANCELAMENTO DE VÔO. ALEGAÇÃO DE ALTERAÇÃO DA MALHA AÉREA. AUSÊNCIA DE COMPROVAÇÃO. CASO FORTUITO INTERNO. RESPONSABILIDADE OBJETIVA DO FORNECEDOR DO SERVIÇO PRESERVADA. REALOCAÇÃO DOS PASSAGEIROS EM VÔO CERCA CINCO HORAS DEPOIS. PERDA DO OBJETIVO DA VIAGEM. PRETENSÃO DE ASSISTIR JOGO DA COPA DAS CONFEDERAÇÕES. FALHA NA PRESTAÇÃO DO SERVIÇO. PEDIDO DE REEMBOLSO DAS PASSAGENS AÉREAS E INGRESSOS. PROCEDÊNCIA. DANO MORAL. CARACTERIZAÇÃO. VALOR. OBSERVÂNCIA DOS PRINCÍPIOS DA RAZOABILIDADE E PROPORCIONALIDADE. SENTENÇA MANTIDA. 1.NAS RELAÇÕES DE CONSUMO, A RESPONSABILIDADE DO FORNECEDOR DO SERVIÇO OU PRODUTO É OBJETIVA, DECORRÊNCIA DO RISCO DA ATIVIDADE. 2.NA ESTEIRA DO ARTIGO 14, § 1º, DA LEI Nº. 8.078/90, O FORNECEDOR DO SERVIÇO TEM RESPONSABILIDADE OBJETIVA PELOS DANOS DECORRENTES DA PRESTAÇÃO VICIOSA DOS SEUS SERVIÇOS, A QUAL SOMENTE É AFASTADA SE COMPROVAR A AUSÊNCIA DE DEFEITO, CULPA EXCLUSIVA DO CONSUMIDOR OU DE TERCEIROS. 3.A ALEGAÇÃO DE ALTERAÇÃO DA MALHA AÉREA NÃO RESTOU COMPROVADA. ADEMAIS, É FATO PREVISÍVEL DENTRO DA ATIVIDADE COMERCIAL DE TRANSPORTE, LOGO É CONSIDERADO CASO FORTUITO INTERNO. PORTANTO, TAL ESCUSA NÃO EXIMIRIA A COMPANHIA AÉREA DE REPARAR OS DANOS CAUSADOS PELO ATRASO OU CANCELAMENTO DE VÔO. 4. OS CONSUMIDORES VIAJARIAM PARA ASSISTIR A UM EVENTO ESPORTIVO DE GRANDE PORTE, MAS A MUDANÇA DOS HORÁRIOS DOS VÔOS COMPROMETEU TODA A PROGRAMAÇÃO, JÁ QUE ELES FORAM REALOCADOS EM VÔO QUE SAIRIA QUASE CINCO HORAS DEPOIS, TORNANDO EXÍGUO O TEMPO PARA A CHEGADA NO EVENTO. ALÉM DE TODO O PREJUÍZO MATERIAL DECORRENTE DOS GASTOS COM PASSAGENS E INGRESSOS, A SITUAÇÃO VIVENCIADA PELOS AUTORES GEROU DESCONFORTO, APREENSÃO E ANGÚSTIA. O QUADRO EXPOSTO FOI CAPAZ DE ALTERAR O ESTADO ANÍMICO DOS PASSAGEIROS, QUE SUPERARAM OS MEROS DISSABORES OU ABORRECIMENTOS COTIDIANOS. A JURISPRUDÊNCIA PÁTRIA JÁ PACIFICOU O ENTENDIMENTO PARA RECONHECER O DANO MORAL NO CASO DE ATRASO OU CANCELAMENTO DE VÔO. 5. NÃO HÁ MOTIVOS PARA A REVISÃO DO QUANTUM INDENIZATÓRIO, UMA VEZ QUE OBSERVADOS OS PRINCÍPIOS DA RAZOABILIDADE E DA PROPORCIONALIDADE QUE INFORMAM A FIXAÇÃO DA INDENIZAÇÃO DO DANO MORAL,BEM COMO SUA NATUREZA COMPENSATÓRIA E DISSUASÓRIA. 6.RECURSO CONHECIDO E DESPROVIDO. 7.DECISÃO TOMADA NA FORMA DO ART. 46 DA LEI Nº 9.099/95, SERVINDO A EMENTA DE ACÓRDÃO. 8.CONDENO A RECORRENTE NO PAGAMENTO DAS CUSTAS E HONORÁRIOS ADVOCATÍCIOS, OS QUAIS ARBITRO EM 10% (DEZ POR CENTO) DO VALOR DA CONDENAÇÃO. (TJ-DF - ACJ: XXXXX DF XXXXX-82.2013.8.07.0001, Relator: LUÍS GUSTAVO B. DE OLIVEIRA, Data de Julgamento: 11/03/2014, 1ª Turma Recursal dos Juizados Especiais Cíveis e Criminais do DF, Data de Publicação: Publicado no DJE: 17/03/2014. Pág.: 298). (Grifos nossos).
c) Dos danos materiais

Dano material ou patrimonial se traduz em prejuízo econômico causado por ato lícito ou ilícito, incidindo sobre o patrimônio do lesado.

Demonstrou-se, então, o prejuízo por ato ilícito da requerida quando ao cancelar o voo não reembolsou o requerente o valor pago pela passagem (R$ 2.000,00) e o fez ser eliminado do concursos de seus sonhos, que teve um valor de inscrição de R$ 300,00 (trezentos reais).

Além dos valores descritos acima, o requerente que ficou sete amargas horas esperando o seu voo, precisou desembolsar a quantia de R$ 200,00 com alimentação no aeroporto, conforme comprovantes em anexo.

d) Do quantum indenizatório

Ao que se refere ao quantum da indenização, esta deve, além de englobar os danos materiais, refletir e reparar o dano pelo abalo moral, revestindo-se de duplo caráter: repressivo ou punitivo e preventivo, neste último caso, evitando a banalização de tal conduta desrespeitosa e desmoralizante para com o consumidor.

Assim, diante da desídia e da má-fé da empresa em não querer solucionar a problemática ou, ao menos, facilitar para que os requerentes embarcassem, além de causar humilhação no requerente por meio de seus representantes, o dano moral deve ser quantificado de forma a reprimir atitudes obstativas de direito do consumidor pelo abuso do poder técnico, como no presente caso, deve minimizar os efeitos da ofensa ao que é inestimável o que seja a honra, a saúde psíquica e moral o bem-estar do consumidor.

Impende destacar ainda, que tendo em vista serem os direitos atingidos muito mais valiosos que os bens e interesses econômicos, pois reportam à dignidade humana, a intimidade, a intangibilidade dos direitos da personalidade, pois abrange toda e qualquer proteção à pessoa, seja física, seja psicológica. As situações de angústia, paz de espírito abalada, de mal-estar e amargura devem somar-se nas conclusões do juiz para que este saiba dosar com justiça a condenação do ofensor.

Desse modo há de se considerar a razoabilidade e a proporcionalidade, evitando-se o enriquecimento sem causa ou um valor tão irrisório a ponto de não inibir novas condutas lesivas, sob pena de ferir ainda mais princípios basilares das relações de consumo.

Frise-se que os demandantes saíram humilhados, com a sensação de impotência, tendo que depender de terceiros para terem um mínimo de conforto e se sentirem menos desrespeitados.

Dessa forma é justa, proporcional e razoável, ante ao caráter disciplinar e desestimulador, a fixação de R$ 20.000,00 (vinte mil reais) para reparação dos danos morais sofridos, somando-se aos R$ 2,000,00 (dois mil reais) referentes ao valor da passagem que até a presente data não foi reembolsado, bem como a quantia de R$ 200,00 que o requerente gastou para se alimentar durante o período de atraso.

e) Da inversão do ônus da prova

O Código de Defesa do Consumidor possui como finalidade precípua viabilizar a defesa dos direitos do consumidor perante os abusos praticados pelos fornecedores de produtos e/ou serviços. ~

Diante disso é que a lei faculta ao magistrado, verificada a verossimilhança e/ou a hipossuficiência do consumidor no que diz respeito à comprovação do seu direito, inverter o ônus da prova para determinar ao fornecedor de produtos ou de serviços, parte detentora da sistemática (autossuficiente em todo plano), que o faça.

Entende-se por verossímeis os fatos alegados nesta exordial, bem como constatada a hipossuficiência do requerente frente à companhia aérea, no que realmente se acredita, decretando a inversão do ônus da prova, a fim de esclarecer os incidentes que sucederam in casu.

É certo que o requerente demonstrou, através das provas documentais em anexo e mesmo da própria descrição dos fatos, o abalo sofrido em decorrência da conduta ilícita ocasionada pela parte Ré, ao atrasar e cancelar o voo, causar sua eliminação no concurso público, bem como permitir que seus colaboradores humilhassem um consumidor.

Por isso, requer a V. EXª, a inversão do ônus da prova, nos termos do art. 6º, VIII, do Código de Defesa do Consumidor.

VI. DOS PEDIDOS

Por todo o exposto, requer a Vossa Excelência:

a) o deferimento dos benefícios da justiça gratuita, nos termos do art. 98 e seguintes do CPC/2015;

b) a citação da requerida para, querendo, contestar a presente, devendo comparecer as audiências de conciliação e instrução/julgamento, sob pena de revelia e confissão quanto à matéria de fato, e no final a condenação da empresa no pagamento dos valores pleiteados;

c) Determinar a inversão do ônus da prova, desde o despacho que determina a citação da Demandada, nos termos do art. 6º, VIII do CDC, ficando ao encargo da companhia aérea ré a produção de todas as provas necessárias ao andamento do feito;

d) Julgar totalmente procedente a presente ação para reconhecer a relação consumerista entre as partes e condenando a requerida a pagar o valor de R$ 22.200,00 (vinte e dois mil e duzentos reais), sendo R$ 20.000,00 (vinte mil reais) para reparação dos danos morais sofridos, R$ 2,000,00 (dois mil reais) referentes ao valor da passagem que até a presente data não foi reembolsado e R$ 200,00 que o requerente gastou para se alimentar durante o período de atraso, tudo acrescido de juros e atualização monetária desde a data do evento danoso, qual seja, _____;

Requer ainda, sejam acolhidos todos os meios de prova pertinentes à presente demanda, tais como as provas documentais ora apresentadas, o depoimento pessoal das partes e a oitiva de testemunhas, e, caso Vossa Excelência entenda necessário a produção de outras, que as especifique a fim de que sejam produzidas.

Dá-se à causa o valor de R$ 22.200,00 (vinte e dois mil e duzentos reais).

Termos em que,

pede deferimento.

Cidade/UF, data.

Advogado - OAB

..

Veja mais de 100 mil modelos de petições, tudo em word prontos para editar. Para acessar o material basta CLICAR AQUI",0.5374785661697388
2EqodcxNSMMTBo8qW3BqiPEZWoG331,"Nestes autos do processo nº 1234567-89.2023.8.26.0100, em trâmite perante a 3ª Vara Criminal da Comarca de São Paulo,  por meio desta peça, apresenta-se a defesa prévia de JOSÉ HENRIQUE DA SILVA, brasileiro, solteiro, CPF nº 123.456.789-00, residente e domiciliado na Rua das Palmeiras, 100 - Apto 12B, Bairro Centro, São Paulo - SP, CEP 01001-000, atualmente preso, em face da Ação Penal proposta pelo Ministério Público do Estado de São Paulo.  A defesa é apresentada pela advogada Dra. Juliana Andrade Pereira, inscrita na OAB/SP sob o nº [inserir número da OAB],  e  tem por objetivo apresentar as razões de defesa do acusado, demonstrando a inexistência de justa causa para a sua condenação.


Nestes autos do processo nº 1234567-89.2023.8.26.0100, que apura a imputação ao réu JOSÉ HENRIQUE DA SILVA pela prática do crime previsto no art. 157, §2º, I e II, do Código Penal, ocorrido em 21/04/2025, na Avenida Paulista, nº 1234 – São Paulo/SP, apresenta-se a presente defesa preliminar.  O réu, ciente da acusação e da gravidade dos fatos, admite a autoria do delito, circunstância que será analisada em conjunto com as demais peculiaridades do caso, a fim de se buscar a melhor solução jurídica para a sua situação, considerando a ausência de antecedentes criminais e a primariedade do acusado.  A ausência de testemunhas presenciais e a inexistência de provas apresentadas até o momento serão abordadas em momento oportuno, buscando-se a construção de uma estratégia defensiva que leve em consideração todos os aspectos relevantes para a justa aplicação da lei.


3.0 - ARGUMENTAÇÃO JURÍDICA (Detalhada)

Nestes autos, o réu JOSÉ HENRIQUE DA SILVA, apesar de admitir a autoria do delito imputado,  alega a necessidade de minuciosa análise das circunstâncias fáticas e processuais, a fim de se evitar a aplicação de pena desproporcional e garantir o respeito aos princípios basilares do direito penal.  A presente defesa preliminar visa demonstrar a fragilidade da acusação,  considerando a ausência de provas robustas e a ocorrência de vícios processuais que comprometem a justa e imparcial aplicação da lei.

3.1 - Nulidades ou vícios processuais: A defesa sustenta a possibilidade de nulidade processual decorrente da ausência de julgamento imparcial, considerando a necessidade de uma investigação mais aprofundada das circunstâncias do fato, especialmente no que tange à coleta de provas e à análise de eventuais testemunhas. A ausência de provas robustas, como apontado na exordial,  e a dependência da confissão do réu, sem o devido contraponto probatório, configuram um cenário de potencial parcialidade, que deve ser rigorosamente analisado pelo juízo. A defesa requer a produção de todas as provas cabíveis, inclusive as que possam corroborar a versão apresentada pelo réu, a fim de garantir a isonomia processual e a busca da verdade real.

3.2 - Inexistência de materialidade ou autoria: Embora o réu admita a autoria, a defesa ressalta a ausência de materialidade plenamente comprovada. A acusação se baseia em elementos probatórios insuficientes,  conforme se extrai da própria inicial acusatória, que menciona a ausência de testemunhas presenciais.  A ausência de provas robustas que comprovem a materialidade do delito,  além da confissão do réu,  torna frágil o suporte fático da acusação,  exigindo-se uma análise criteriosa e cautelosa por parte do juízo. A defesa requer a realização de diligências complementares para a obtenção de provas que esclareçam os fatos, garantindo-se a justa apuração da verdade.

3.3 - Excludentes de ilicitude ou culpabilidade: A defesa não identifica, neste momento processual, a presença de excludentes de ilicitude ou culpabilidade. No entanto, reserva-se o direito de apresentar tais argumentos em momento oportuno, após a produção de provas e a análise completa do conjunto probatório.

3.4 - Princípios violados: A defesa argumenta que a presente ação penal viola o princípio do devido processo legal,  garantido pela Constituição Federal.  A ausência de provas robustas, a dependência da confissão do réu e a potencial parcialidade do processo, conforme argumentado anteriormente,  configuram uma violação ao direito fundamental à ampla defesa e ao contraditório.  A defesa requer a adoção de medidas que garantam o pleno exercício desses direitos,  permitindo a produção de todas as provas necessárias para a justa e imparcial aplicação da lei.  A ausência de um processo isento e justo, com a devida comprovação da materialidade e autoria,  configura grave violação ao devido processo legal,  exigindo a anulação de atos processuais eventualmente contaminados por tais vícios.


Diante do exposto, considerando a fragilidade da acusação, a ausência de provas robustas que comprovem a materialidade do delito, a dependência da confissão do réu sem o devido contraponto probatório, e a potencial violação ao princípio do devido processo legal, requer-se, como pedido principal, a **extinção da punibilidade**.  A defesa demonstra a necessidade de uma análise mais aprofundada das circunstâncias fáticas,  a fim de evitar a aplicação de pena desproporcional.  A ausência de elementos probatórios suficientes, conforme demonstrado nos itens anteriores,  torna inviável a condenação do réu.  Não se vislumbra, neste momento, a necessidade de absolvição sumária ou a adoção de medidas cautelares alternativas,  reservando-se a defesa ao direito de apresentar novos argumentos e requerimentos em momento oportuno, após a devida instrução processual e a produção de provas.


5.0 - DOCUMENTAÇÃO E PROVAS (Anexos)

5.1 - Lista de documentos:

Apresenta-se, em anexo, certidão emitida pela Secretaria de Segurança Pública do Estado de São Paulo em 02/04/2025 (Anexo I), comprovando a inexistência de antecedentes criminais de Carlos Henrique da Silva.  A referida certidão demonstra a primariedade e a boa conduta social do réu,  fatores relevantes para a análise da presente defesa e para eventual pedido de liberdade provisória ou, caso haja condenação, para a aplicação de pena mais branda, consoante os princípios da individualização da pena e da proporcionalidade.  A ausência de laudos técnicos e testemunhas neste momento processual não compromete a solidez da defesa, uma vez que a primariedade e a boa conduta social do réu, por si só, já demonstram a sua baixa periculosidade e a improbabilidade de reiteração delitiva.




Diante do exposto, requer a Vossa Excelência a  análise criteriosa da presente defesa preliminar, considerando a confissão de autoria, porém,  sob a ótica atenuante da primariedade e da ausência de antecedentes criminais do réu, bem como a fragilidade probatória até o momento apresentada.  Requer-se, ainda, a produção de provas em momento oportuno, para a construção de uma defesa robusta e a justa aplicação da lei.  Nestes termos, pede deferimento.


São Paulo, 27 de maio de 2025.


[Nome do Advogado]

[OAB/SP Nº]
","AO JUÍZO DE xxxxx ESTADO, VARA DE PROCESSO CRIMINAL

I-Das partes

xxxxxxxxx, nacionalidade, estado civil, profissão, com cédula de identidade xxxxxxxxxxx/Estado, CPF xxxxxxxxx-xx, residente e domiciliado na rua tal, nº xx, bairro tal, na cidade de XXXX ESTADO. Vem á presença deste juízo por meio da representação de seu advogado (a) xxxxxxx, com devida procuração anexa nos autos.

Em face xxxxx, nacionalidade, estado civil, profissão, com cédula de identidade xxxxxxxxxxx/Estado, CPF xxxxxxxxx-xx, residente e domiciliado na rua tal, nº xx, bairro tal, na cidade de Cidade, Estado.

Em face de Pai de xxxxx, nacionalidade, estado civil, profissão, com cédula de identidade xxxxxxxxxxx/Estado, CPF xxxxxxxxx-xx, residente e domiciliado na rua tal, nº xx, bairro tal, na cidade de Cidade, Estado.

II- Dos Fatos

O sr. xxxxx estava tomando um refrigerante no bar próximo de sua residência. Enquanto isso chegou o sr xxxxx de tal que é filho do proprietário e também conhecido já de longa data do requerente. João de tal estava realizando uma poda de arvore e por isso Fulano de tal fez uma menção de brincadeira que este estava a “derrubar mangas em seu quintal”.

Por conta de sua brincadeira, o mesmo recebeu ofensa e também injúria racial, posterior á isso, com incentivo de seu pai, o sr xxxxx desferiu um golpe de tesoura no sr. xxxx, e o pai de João de tal desferiu um golpe utilizando 1 taco utilizado no jogo de sinuca.

Posterior a isso o sr José de tal se levantou, retirando a tesoura encravada em seu peito e desferiu um golpe no sr xxxx Ambos permaneceram internado, entretanto o sr xxxx acabou entrando em óbito devido uma infecção.

III- Do Direito

Temos que o xxxx, possui o direito de ampla defesa,o princípio do contraditório e da ampla defesa é assegurado pelo artigo 5º, inciso LV da Constituição Federal. Já a ampla defesa corresponde ao direito da parte de se utilizar de todos os meios a seu dispor para alcançar seu direito, seja através de provas ou de recursos.
Garantia da presença de advogado pela Lei 13.245/16, que expressa art. 7º, inciso XXI [...] “assistir a seus clientes investigados durante a apuração de infrações, sob pena de nulidade absoluta do respectivo interrogatório ou depoimento e, subsequentemente, de todos os elementos investigatórios e probatórios dele decorrentes ou derivados, direta ou indiretamente, podendo, inclusive, no curso da respectiva apuração”.
Alegar como atenuante, a forte emoção que levou o sr. João de tal realizar o crime.
Pedir danos morais por injúria racial e lesão corporal.
IV da Jurisprudência, Leis e Doutrinas

1- Lesão Corporal

Código Penal

O crime de lesão corporal está inserido no capitulo dos crimes contra a vida, no artigo 129 do Código Penal, que pune a conduta de alguém ofender a integridade física ou a saúde de outra pessoa.

""O motivo fútil e o motivo torpe são circunstâncias agravantes que determinam maior gravidade da culpabilidade. Figuram, também, como circunstâncias qualificadoras do delito de homicídio (art. 121, § 2.º, I e II, CP).

Jurisprudência (Lesão Corporal por Motivo Torpe)

Tribunal de Justiça do Distrito Federal e Territórios TJ-DF xxxxx- 58.2013.8.07.0003 DF xxxxx- 58.2013.8.07.0003

2-Pedido de Homicídio Privilegiado

Código Penal:

Art. 65 – São circunstâncias que sempre atenuam a pena:

(…)

III – ter o agente:

(…)

c) cometido o crime sob coação a que podia resistir, ou em cumprimento de ordem de autoridade superior, ou sob a influência de violenta emoção, provocada por ato injusto da vítima;

Homicídio Simples- Art. 121. Matar alguém:

Pena – reclusão, de seis a vinte anos.

Caso de diminuição de pena

§ 1º Se o agente comete o crime impelido por motivo de relevante valor social ou moral, ou sob o domínio de violenta emoção, logo em seguida a injusta provocação da vítima, o juiz pode reduzir a pena de um sexto a um terço.

LEI Nº 13,245/2016

XIV - examinar, em qualquer instituição responsável por conduzir investigação, mesmo sem procuração, autos de flagrante e de investigações de qualquer natureza, findos ou em andamento, ainda que conclusos à autoridade, podendo copiar peças e tomar apontamentos, em meio físico ou digital;

.............................................................................................

XXI - assistir a seus clientes investigados durante a apuração de infrações, sob pena de nulidade absoluta do respectivo interrogatório ou depoimento e, subsequentemente, de todos os elementos investigatórios e probatórios dele decorrentes ou derivados, direta ou indiretamente, podendo, inclusive, no curso da respectiva apuração:

apresentar razões e quesitos;
Doutrina:

Hass (2021) esclarece que o Crime de Homicídio Privilegiado nada mais é do que uma causa de diminuição de pena (homicídio minorado), onde sua aplicação ocorre na terceira fase do critério trifásico. Portanto ao analisar o que diz o parágrafo primeiro no artigo 121, fica claro que temos em nosso Código Penal, três privilegiadoras. São elas: motivo de relevante valor social, motivo de relevante valor moral e domínio de violenta emoção logo em seguida a injusta provocação da vítima.

Jurisprudência:

Tribunal de Justiça do Estado da Bahia TJ-Bahia- Apelação: APL xxxxx-42.1997.8.05.001 BA XXXXX-42.1997.8.05.001.

V- Dos pedidos

Representação efetiva do advogado em todas as partes do processo
Apresentação de imagens de câmera do bar ou próximas ao local do crime
Acolhimento de atenuante por homicídio cometido em efeito de forte emoção
Consideração por homicídio privilegiado contra sr João de Tal
Pedido de danos morais e materiais pela lesão corporal cometida pelo Pai do sr. Fulano de tal
Vistas do prontuário médico do senhor João de tal que comprovam que a causa de sua morte foi por intercorrência de uma infecção hospitalar
BRASIL, LEI Nº 13,245. 12 de janeiro de 2016. Que altera o art. 7º da Lei nº 8.906, de 4 de julho de 1994 ( Estatuto da Ordem dos Advogados do Brasil).


Cidade, data, ano.

Advogado (a)

OAB/ xxx MT",0.5102026462554932
2EqodcxNSMMTBo8qW3BqiPEZWoG3,"Nestes autos do processo nº 1234567-89.2023.8.26.0100, que tramitam perante a 3ª Vara Criminal da Comarca de São Paulo, em Ação Penal (AC) proposta pelo Ministério Público do Estado de São Paulo contra José Henrique da Silva, brasileiro, solteiro, CPF nº 123.456.789-00, residente e domiciliado na Rua das Palmeiras, 100 - Apto 12B, Bairro Centro, São Paulo - SP, CEP 01001-000, atualmente preso, vem à presença de Vossa Excelência, por meio de sua Defensora, Dra. Juliana Andrade Pereira, apresentar a presente peça de defesa.


Nestes autos do processo nº 1234567-89.2023.8.26.0100, que tramitam perante a 3ª Vara Criminal da Comarca de São Paulo, imputa-se a José Henrique da Silva a prática do crime previsto no artigo 157, §2º, I e II, do Código Penal, em razão de fatos ocorridos em 21/04/2025, na Avenida Paulista, nº 1234, nesta Capital.  O réu, apesar de confessar a autoria do delito,  não possui antecedentes criminais e encontra-se em liberdade.  A ausência de testemunhas presenciais ao evento,  circunstância a ser devidamente analisada na instrução processual,  configura um elemento relevante para a adequada dosimetria da pena, a ser arguida oportunamente.  A presente peça visa, preliminarmente,  apresentar as primeiras considerações da defesa, focando-se na análise dos elementos probatórios e nas circunstâncias do caso concreto, objetivando uma justa e proporcional aplicação da lei penal.


3.0 - ARGUMENTAÇÃO JURÍDICA (Detalhada)

Nestes autos do processo nº 1234567-89.2023.8.26.0100, que tramitam perante a 3ª Vara Criminal da Comarca de São Paulo, a defesa de José Henrique da Silva, imputado pela prática do crime previsto no artigo 157, §2º, I e II, do Código Penal, vem respeitosamente apresentar as suas primeiras considerações, objetivando a justa e proporcional aplicação da lei penal, tendo em vista a ausência de elementos probatórios robustos que comprovem, de forma inequívoca, a materialidade e a autoria do delito a ele atribuído.

3.1 - Nulidades ou vícios processuais:  A defesa, neste momento inicial, reserva-se o direito de arguir eventuais nulidades processuais que venham a ser detectadas ao longo da instrução criminal,  especialmente no que tange à possibilidade de ausência de julgamento imparcial, caso sejam apresentadas provas ou circunstâncias que comprometam a isenção do julgador.  Acompanharemos atentamente todos os atos processuais, visando garantir o respeito aos princípios constitucionais do contraditório e da ampla defesa.

3.2 - Inexistência de materialidade ou autoria: A acusação se baseia, aparentemente, na confissão do réu. Contudo, a mera confissão, por si só, não se presta a embasar uma condenação, exigindo-se a comprovação da materialidade delitiva e da autoria através de outros meios de prova, os quais, até o momento, se mostram ausentes. A ausência de testemunhas presenciais ao evento, conforme mencionado na exordial, configura uma fragilidade substancial na acusação, demandando uma análise criteriosa na instrução processual, que permita a confirmação ou não da versão apresentada pelo réu. A ausência de provas materiais robustece a tese defensiva da inexistência de materialidade e autoria, devendo ser analisada com cautela pelo Juízo.

3.3 - Excludentes de ilicitude ou culpabilidade:  Neste momento processual, não se identificam excludentes de ilicitude ou culpabilidade aplicáveis ao caso concreto. Todavia, a defesa reserva-se ao direito de alegá-las, caso sejam reveladas novas informações ou provas durante a instrução processual que permitam a configuração de tais excludentes.

3.4 - Princípios violados: A defesa sustenta, preliminarmente, a possibilidade de violação ao devido processo legal, em virtude da ausência, até o momento, de elementos probatórios robustos que comprovem, de forma inequívoca, a materialidade e a autoria do delito. A ausência de provas contundentes, aliada à confissão do réu, sem o suporte de outras provas corroborativas, configura um risco latente de condenação com base em elementos probatórios frágeis, em afronta ao princípio constitucional do devido processo legal, que assegura o direito à ampla defesa e ao contraditório, com o devido respeito às garantias processuais e à presunção de inocência.  A defesa pugna pela produção de provas que permitam uma análise completa e imparcial dos fatos, assegurando-se assim a observância plena do princípio do devido processo legal.


Diante do exposto, considerando a fragilidade da acusação, que se baseia unicamente em uma confissão sem o suporte de provas materiais ou testemunhais robustas a comprovar a materialidade e autoria do delito imputado a José Henrique da Silva, requer-se, com o devido respeito a este Juízo, a **extinção da punibilidade** com base na inexistência de justa causa para a propositura da ação penal.  Em suma, a ausência de elementos probatórios que corroborem a versão acusatória, aliada à fragilidade da confissão isoladamente considerada,  impede a formação de um juízo de condenação justo e amparado nos princípios constitucionais do devido processo legal e da presunção de inocência.  A defesa reitera o pedido principal de absolvição, por ausência de justa causa,  e salienta que a ausência de provas suficientes para sustentar a acusação  consubstancia, por si só, motivo suficiente para o acolhimento da presente defesa prévia.


5.0 - DOCUMENTAÇÃO E PROVAS (Anexos)

5.1 - Lista de documentos:

A defesa apresenta, para corroborar a tese de inocência de Carlos Henrique da Silva, a certidão negativa de antecedentes criminais emitida pela Secretaria de Segurança Pública do Estado de São Paulo em 02/04/2025 (Anexo 1).  A referida certidão atesta a primariedade do acusado e sua boa conduta social, aspectos relevantes para a concessão de liberdade provisória, caso seja necessário, ou, alternativamente, para a eventual aplicação de pena mais branda, em caso de eventual condenação.  A ausência de laudos técnicos e testemunhas, no presente momento, não compromete a defesa, uma vez que a primariedade e a boa conduta comprovada por meio da certidão anexa já demonstram a baixa probabilidade de reiteração criminosa.

5.2 - Jurisprudência de apoio:

(Espaço reservado para inserção de jurisprudência, caso necessário -  A ausência de jurisprudência específica não prejudica a tese defensiva no presente momento.)


Posto isso, requer a defesa a Vossa Excelência a produção de todas as provas pertinentes ao caso, em especial a oitiva de testemunhas e a realização de perícia, se necessário, para uma justa e imparcial análise dos fatos.  Reitera-se o pedido de aplicação da lei penal de forma proporcional e justa, considerando a confissão do réu, a ausência de antecedentes criminais e a ausência de testemunhas presenciais ao delito,  conforme alegado anteriormente.  Requer, por fim, seja o réu beneficiado com a melhor solução jurídica possível, face as circunstâncias do caso concreto.

6.0 - ASSINATURA

[São Paulo, 27 de maio de 2025]

[Dra. Juliana Andrade Pereira]

[OAB/SP Nº]
","EXCELENTÍSSIMO SENHOR DESEMBARGADOR PRESIDENTE DO EGRÉGIO TRIBUNAL DE JUSTIÇA DO ESTADO
LIVRE DISTRIBUIÇÃO
Impetrante: Beltrano de Tal
Paciente: Francisco Fictício
Autoridade Coatora: MM Juiz de Direito da 00ª Vara da Cidade
PEDIDO DE APRECIAÇÃO URGENTE (LIMINAR) – RÉU PRESO
O advogado BELTRANO DE TAL, inscrito na Ordem dos Advogados do Brasil, Seção do Estado, sob o nº 112233, com seu escritório profissional consignado no timbre desta, onde receberá intimações, vem, com o devido respeito à presença de Vossa Excelência, para, sob a égide dos arts. 648, inciso II, da Legislação Adjetiva Penal c/c art. 5º, inciso LXVIII da Lei Fundamental, impetrar o presente
HABEAS CORPUS
(com pedido de “medida liminar”)
em favor de FRANCISCO FICTÍCIO, brasileiro, solteiro, comerciante, possuidor do RG. nº. 11223344 – SSP (PP), residente e domiciliado na Rua X, nº. 000 – Cidade (PP), ora Paciente, posto que encontra-se sofrendo constrangimento ilegal, por ato do eminente Juiz de Direito da 00ª Vara da Cidade, o qual negou pedido de liberdade provisória em face de crime de homicídio qualificado pelo motivo fútil, cuja decisão dormita nos autos do processo nº. 39344.55.06.79/0001, como se verá na exposição fática e de direito a seguir delineadas.
1 - Síntese dos fatos
Colhe-se dos autos do processo supra-aludido que o Paciente fora denunciado pelo Ministério Público Estadual, em 00 de abril do ano de 0000, como incurso no tipo penal previsto nos arts. 121, § 2º, inc. II, do Estatuto Repressivo. Desse modo, para acusação o Paciente cometera delito de crime de homicídio, qualificado pelo motivo fútil. (doc. 01).
Em face do despacho inaugural, o qual demora às fls. 12/14 do processo criminal em espécie, o Magistrado a quo, na oportunidade que recebera o auto de prisão em flagrante ( CPP, art. 310), converteu essa em prisão preventiva. Na ocasião o Juiz entendera que o crime perpetrado causou revolta e clamor público em toda Cidade, maiormente porquanto o motivo fora insignificante para tal desiderato. Acosta-se referido decisum.(doc. 02)
Por conveniência, abaixo evidenciamos trecho da decisão em vertente:
“Passo a apreciar a eventual conveniência da convolação da prisão em flagrante em preventiva ou, ao revés, conceder a liberdade provisória, na medida do enfoque estatuído no art. 310, incs. II e III, do Estatuto de Ritos. Compulsando os autos, verifico que inexiste qualquer elemento capaz de alterar a classificação penal feita pela douta Autoridade Policial, apoiada que o fez nas convicções colhidas dos fólios da pela inquisitória.
O homicídio em espécie causou revolta nesta Cidade, tamanha a futilidade do crime. De outro modo, o depoimento da testemunha Francisca Paulina expressa claramente todo o clamor social por Justiça: “Que, do nada o Francisco sacou o revólver e atirou covardemente; Que, acha que toda cidade quer o Francisco preso; Que, se não fosse preso, acha que a população iria fazer alguma desgraça contra ele, porque a vítima era pessoa de bem e ajudava bastante as pessoas carentes daqui;”

Do cenário carreado aos fólios do inquérito policial, sem qualquer sombra de dúvida o crime perpetrado reclama a prisão do réu, maiormente pela frieza, futilidade e a comoção que trouxera à pequena cidade de Cidade.

Por conseguinte, decretar-se a prisão preventiva é a medida mais acertada à hipótese em relevo, visto que tal proceder é de toda conveniência à instrução criminal, para garantia da ordem pública e para assegurar a aplicação da lei penal.
Por tais considerações, CONVOLO A PRISÃO EM FLAGRANTE PARA A FORMA ACAUTELATÓRIA DE PRISÃO PREVENTIVA. “
Essas são algumas considerações necessárias à elucidação fática.
2 - Constrangimento ilegal 
Prisão em flagrante é prisão cautelar
– O Paciente não ostenta quaisquer das hipóteses previstas no art. 312 do CPP
- Ilegalidade do deferimento do pedido de liberdade provisória
De outro bordo, como antes delineado, o Paciente não ostenta quaisquer das hipóteses situadas no art. 312 da Legislação Adjetiva Penal, as quais, nesse ponto, poderiam inviabilizar o pleito de liberdade provisória.
Como se vê, o Paciente, antes negando a prática dos delitos que lhes restaram imputados pelo Parquet, demonstrou em sua defesa preliminar que é réu primário e de bons antecedentes, comprovando, mais, possuir residência fixa e ocupação lícita. (doc. 04/07)
Inexistem nos autos do processo criminal em estudo -- nem assim ficou demonstrado no despacho prolatado pela Autoridade Coatora --, por outro ângulo, quaisquer motivos que implicassem na decretação preventiva do Paciente.
A hipótese em estudo, desse modo, revela a pertinência da concessão da liberdade provisória.
Convém ressaltar, sob o enfoque do tema em relevo, o magistério de Orberto Avena:
A liberdade provisória é um direito subjetivo do imputado nas hipóteses em que facultada por lei. Logo, simples juízo valorativo sobre a gravidade genérica do delito imputado, assim como presunções abstratas sobre a ameaça à ordem pública ou a potencialidade a outras práticas delitivas não constituem fundamentação idônea a autorizar o indeferimento do benefício, se desvinculadas de qualquer fator revelador da presença dos requisitos do art. 312 do CPP...
No mesmo sentido:
Como é sabido, em razão do princípio constitucional da presunção da inocência (art. 5º, LVII, da CF) a prisão processual é medida de exceção; a regra é sempre a liberdade do indiciado ou acusado enquanto não condenado por decisão transitada em julgado. Daí porque o art. 5º, LXVI, da CF dispõe que: ‘ninguém será levado à prisão ou nela mantida, quando a lei admitir a liberdade provisória, com ou sem fiança...
(não existem os destaques no texto original)

É de todo oportuno também gizar as lições de Marco Antônio Ferreira Lima e Raniere Ferraz Nogueira:
A regra é liberdade. Por essa razão, toda e qualquer forma de prisão tem caráter excepcional. Prisão é sempre exceção. Isso deve ficar claro, vez que se trata de decorrência natural do princípio da presunção de não culpabilidade...
(sublinhas nossas)
Nesse compasso, a decisão combatida fundamentou-se unicamente no clamor público por Justiça. Nada mais que isso. Portanto, nada ostentou-se quanto ao enquadramento em uma das hipóteses que cabível se revelasse a prisão cautelar.( CPP, art. 312) É dizer, o Magistrado de piso não cuidou de estabelecer qualquer liame entre a realidade dos fatos colhida dos autos e alguma das hipóteses previstas no art. 312 da Legislação Adjetiva Penal.
Não é preciso muitas delongas para saber-se que é regra fundamental, extraída da Carta Magna, que é dever de todo e qualquer magistrado motivar suas decisões judiciais, à luz do que reza o art. 93, inc. IX da Constituição Federal.
O clamor social inegavelmente não é motivo bastante para tal gravíssima providência processual. Não há fundamento legal, certamente.
De outro passo, não há qualquer registro de que o Paciente cause algum óbice à conveniência da instrução criminal, muito menos fundamentou-se sobre a necessidade de assegurar-se a aplicação da lei penal, não decotando, também, quaisquer dados (concretos) de que o Paciente, solto, poderá evadir-se do distrito da culpa.
Dessarte, o fato de tratar-se de imputação de crime que causara clamor público não possibilita, por si só, o indeferimento da liberdade provisória.
De toda prudência evidenciar julgado do Supremo Tribunal Federal, maiormente sob o ângulo tema do clamor social e a prisão preventiva:
HABEAS CORPUS. DENEGAÇÃO DE MEDIDA LIMINAR. SÚMULA Nº 691/STF. SITUAÇÕES EXCEPCIONAIS QUE AFASTAM A RESTRIÇÃO SUMULAR. PRISÃO CAUTELAR DECRETADA COM APOIO E M MÚLTIPLOS FUNDAMENTOS. GRAVIDADE OBJETIVA DO DELITO. CLAMOR PÚBLICO. GARANTIA DA CREDIBILIDADE DA JUSTIÇA. E POSSIBILIDADE DE INTERFERÊNCIA NA INSTRUÇÃO PROCESSUAL ILEGITIMIDADE JURÍDICA DA PRISÃO CAUTELAR QUANDO DECRETADA, UNICAMENTE, COM SUPORTE EM JUÍZOS MERAMENTE CONJECTURAIS. INDISPENSABILIDADE DA VERIFICAÇÃO CONCRETA DE RAZÕES DE NECESSIDADE SUBJACENTES À UTILIZAÇÃO, PELO ESTADO, DESSA MEDIDA EXTRAORDINÁRIA. SITUAÇÃO EXCEPCIONAL NÃO VERIFICADA NA ESPÉCIE. INJUSTO CONSTRANGIMENTO CONFIGURADO. “ HABEAS CORPUS ” CONCEDIDO DE OFÍCIO. DENEGAÇÃO DE MEDIDA LIMINAR. SÚMULA Nº 691/STF. SITUAÇÕES EXCEPCIONAIS QUE AFASTAM A RESTRIÇÃO SUMULAR.
A jurisprudência do Supremo Tribunal Federal, sempre em caráter extraordinário, tem admitido o afastamento, “ hic et nunc ”, da Súmula nº 691/STF, em hipóteses nas quais a decisão questionada divirja da jurisprudência predominante nesta corte ou, então, veicule situações configuradoras de abuso de poder ou de manifesta ilegalidade. Precedentes. Hipótese ocorrente na espécie. Prisão cautelar. Caráter excepcional. A privação cautelar da liberdade individual. Cuja decretação resulta possível em virtude de expressa cláusula inscrita no próprio texto da Constituição da Republica ( CF, art. 5º, lxi), não conflitando, por isso mesmo, com a presunção constitucional de inocência ( CF, art. 5º, lvii) reveste-se de caráter excepcional, somente devendo ser ordenada, por tal razão, em situações de absoluta e real necessidade. A prisão processual, para legitimar-se em face de nosso sistema jurídico, impõe. Além da satisfação dos pressupostos a que se refere o art. 312 do CPP (prova da existência material do crime e indício suficiente de autoria). Que se evidenciem, com fundamento em base empírica idônea, razões justificadoras da imprescindibilidade dessa extraordinária medida cautelar de privação da liberdade do indiciado ou do réu. Doutrina. Precedentes. A prisão preventiva. Enquanto medida de natureza cautelar não pode ser utilizada como instrumento de punição antecipada do indiciado ou do réu. A prisão cautelar não pode. Nem deve. Ser utilizada, pelo poder público, como instrumento de punição antecipada daquele a quem se imputou a prática do delito, pois, no sistema jurídico brasileiro, fundado em bases democráticas, prevalece o princípio da liberdade, incompatível com punições sem processo e inconciliável com condenações sem defesa prévia. A prisão cautelar. Que não deve ser confundida com a prisão penal. Não objetiva infligir punição àquele que sofre a sua decretação, mas destina-se, considerada a função cautelar que lhe é inerente, a atuar em benefício da atividade estatal desenvolvida no processo penal. Precedentes. A gravidade em abstrato do crime não constitui fator de legitimação da privação cautelar da liberdade. A natureza da infração penal não constitui, só por si, fundamento justificador da decretação da prisão cautelar daquele que sofre a persecução criminal instaurada pelo estado. Precedentes. O clamor público não constitui fator de legitimação da privação cautelar da liberdade. O estado de comoção social e de eventual indignação popular, motivado pela repercussão da prática da infração penal, não pode justificar, só por si, a decretação da prisão cautelar do suposto autor do comportamento delituoso, sob pena de completa e grave aniquilação do postulado fundamental da liberdade. O clamor público. Precisamente por não constituir causa legal de justificação da prisão processual ( CPP, art. 312). Não se qualifica como fator de legitimação da privação cautelar da liberdade do indiciado ou do réu. Precedentes. A preservação da credibilidade das instituições não se qualifica, só por si, como fundamento autorizador da prisão cautelar. Não se reveste de idoneidade jurídica, para efeito de justificação do ato excepcional da prisão cautelar, a alegação de que essa modalidade de prisão é necessária para resguardar a credibilidade das instituições. Ausência de demonstração, no caso, da necessidade concreta de decretar-se a prisão preventiva do paciente. Sem que se caracterize situação de real necessidade, não se legitima a privação cautelar da liberdade individual do indiciado ou do réu. Ausentes razões de necessidade, revela-se incabível, ante a sua excepcionalidade, a decretação ou a subsistência da prisão cautelar. A prisão cautelar não pode AP oiar-se em juízos meramente conjecturais. A mera suposição, fundada em simples conjecturas, não pode autorizar a decretação da prisão cautelar de qualquer pessoa. A decisão que ordena a privação cautelar da liberdade não se legitima quando desacompanhada de fatos concretos que lhe justifiquem a necessidade, não podendo apoiar-se, por isso mesmo, na avaliação puramente subjetiva do magistrado de que a pessoa investigada ou processada, se em liberdade, poderá delinqüir, ou interferir na instrução probatória, ou evadir-se do distrito da culpa, ou, então, prevalecer-se de sua particular condição social, funcional ou econômico-financeira para obstruir, indevidamente, a regular tramitação do processo penal de conhecimento. Presunções arbitrárias, construídas a partir de juízos meramente conjecturais, porque formuladas à margem do sistema jurídico, não podem prevalecer sobre o princípio da liberdade, cuja precedência constitucional lhe confere posição eminente no domínio do processo penal. A presunção constitucional de inocência impede que o estado trate como se culpado fosse aquele que ainda não sofreu condenação penal irrecorrível. A prerrogativa jurídica da liberdade. Que possui extração constitucional ( CF, art. 5º, LXI e lxv). Não pode ser ofendida por interpretações doutrinárias ou jurisprudenciais que, fundadas em preocupante discurso de conteúdo autoritário, culminam por consagrar, paradoxalmente, em detrimento de direitos e garantias fundamentais proclamados pela Constituição da Republica, a ideologia da Lei e da ordem. Mesmo que se trate de pessoa acusada da suposta prática de crime hediondo, e até que sobrevenha sentença penal condenatória irrecorrível, não se revela possível. Por efeito de insuperável vedação constitucional ( CF, art. 5º, lvii). Presumir-lhe a culpabilidade. Ninguém, absolutamente ninguém, pode ser tratado como culpado, qualquer que seja o ilícito penal cuja prática lhe tenha sido atribuída, sem que exista, a esse respeito, decisão judicial condenatória transitada em julgado. O princípio constitucional do estado de inocência, tal como delineado em nosso sistema jurídico, consagra uma regra de tratamento que impede o poder público de agir e de se comportar, em relação ao suspeito, ao indiciado, ao denunciado ou ao réu, como se estes já houvessem sido condenados, definitivamente, por sentença do poder judiciário. Precedentes [ ... ]
Com a mesma sorte de entendimento, urge demonstrar o seguinte aresto do Superior Tribunal de Justiça:
HABEAS CORPUS. IMPETRAÇÃO ORIGINÁRIA. SUBSTITUIÇÃO AO RECURSO ORDINÁRIO CABÍVEL. IMPOSSIBILIDADE. FURTO. PRISÃO EM FLAGRANTE CONVERTIDA EM PREVENTIVA. ALEGADA AUSÊNCIA DE FUNDAMENTAÇÃO IDÔNEA DA ORDEM CONSTRITIVA À LUZ DO ART. 312 DO CÓDIGO DE PROCESSO PENAL. CONSTATAÇÃO. COAÇÃO ILEGAL DEMONSTRADA. WRIT NÃO CONHECIDO. ORDEM CONCEDIDA DE OFÍCIO.
1. O Supremo Tribunal Federal passou a não mais admitir o manejo do habeas corpus originário em substituição ao recurso ordinário cabível, entendimento que foi adotado pelo Superior Tribunal de Justiça, ressalvados os casos de flagrante ilegalidade, quando a ordem poderá ser concedida de ofício. 2. As prisões cautelares materializam-se como exceção às regras constitucionais e, como tal, sua incidência em cada caso concreto deve vir fulcrada em elementos que demonstrem a sua efetiva necessidade no contexto fático-probatório apreciado, sendo inadmissível sem a existência de razão sólida e individualizada a motivá-la, especialmente com a edição e entrada em vigor da Lei n. 12.403/2011. 4. No caso, não foi apresentado qualquer fundamento idôneo a respaldar a prisão preventiva da paciente, limitando-se as instâncias ordinárias a fazer referência à gravidade em abstrato do delito, ao clamor público e à credibilidade da justiça, o que, por si só, não justifica a segregação antecipada. 5. Além disso, a primariedade da paciente não foi contestada pelas instâncias ordinárias, nada havendo nos autos a indicar que, solta, ela voltará a atentar contra a ordem pública, o que corrobora a conclusão pela desproporcionalidade do cárcere antecipado. 6. Habeas corpus não conhecido. Ordem concedida de ofício, confirmando a liminar concedida, para revogar a prisão preventiva decretada em desfavor da paciente, caso não se encontre presa por outro motivo [ ... ]
HABEAS CORPUS. IMPETRAÇÃO ORIGINÁRIA. SUBSTITUIÇÃO AO RECURSO ORDINÁRIO CABÍVEL. IMPOSSIBILIDADE. TRÁFICO DE DROGAS. PRISÃO EM FLAGRANTE CONVERTIDA EM PREVENTIVA. ALEGADA AUSÊNCIA DE FUNDAMENTAÇÃO IDÔNEA DA ORDEM CONSTRITIVA À LUZ DO ART. 312 DO CÓDIGO DE PROCESSO PENAL. CONSTATAÇÃO. COAÇÃO ILEGAL DEMONSTRADA. WRIT NÃO CONHECIDO. ORDEM CONCEDIDA DE OFÍCIO.
1. O Supremo Tribunal Federal passou a não mais admitir o manejo do habeas corpus originário em substituição ao recurso ordinário cabível, entendimento que foi adotado pelo Superior Tribunal de Justiça, ressalvados os casos de flagrante ilegalidade, quando a ordem poderá ser concedida de ofício. 2. As prisões cautelares materializam-se como exceção às regras constitucionais e, como tal, sua incidência em cada caso concreto deve vir fulcrada em elementos que demonstrem a sua efetiva necessidade no contexto fático-probatório apreciado, sendo inadmissível sem a existência de razão sólida e individualizada a motivá-la, especialmente com a edição e entrada em vigor da Lei n. 12.403/2011. 4. No caso, da leitura das decisões que ordenaram e mantiveram a segregação cautelar do paciente, constata-se que não foi apresentado qualquer fundamento idôneo para tanto, limitando-se o Juiz singular a fazer referência à gravidade em abstrato do delito que lhe foi imputado, ao clamor público e à credibilidade da justiça, o que, por si só, não justifica a segregação antecipada. 5. Não houve sequer a indicação do peso da droga encontrada. 6. Além disso, a primariedade do paciente não foi contestada pelas instâncias ordinárias, nada havendo nos autos a indicar que, solto, ele voltará a atentar contra a ordem pública, o que corrobora a conclusão pela desproporcionalidade do cárcere antecipado. 7. Habeas corpus não conhecido. Ordem concedida de ofício para revogar a prisão preventiva decretada em desfavor do paciente, caso não se encontre preso por outro motivo [ ... ]
Com esse enfoque, é altamente ilustrativo outro norte jurisprudencial quanto à ilegalidade de prisão fundamentada no clamor social, que é a hipótese aqui tratada:
HABEAS CORPUS. PROCESSUAL PENAL. TRÁFICO DE DROGAS (ART. 33 DA LEI Nº 11.343/2006). PRISÃO PREVENTIVA. REPERCUSSÃO SOCIAL E GRAVIDADE ABSTRATA DO DELITO. REQUISITOS INSUFICIENTES PARA FUNDAMENTAR A GARANTIA DA ORDEM PÚBLICA. LIBERDADE PROVISÓRIA CONCEDIDA COM RESTRIÇÕES.
1) A fundamentação para manutenção da prisão da paciente deve se basear em fatos claros, reais e determinados que justifiquem a segregação. 2) É ilegal o Decreto de prisão preventiva que, a título de garantia da ordem pública, se baseia na repercussão social e no clamor público causados pela gravidade do fato. Precedentes do STF, STJ e desta Corte. 3) Ordem parcialmente deferida para conceder a paciente o benefício da liberdade provisória com imposição de medidas cautelares [ ... ]
HABEAS CORPUS HOMÍCIDIO CULPOSO NA DIREÇÃO DE VEÍCULO AUTOMOTOR ARTIGO 302, § 1º, III, E § 3º, DA LEI Nº 9.503/97. REVOGAÇÃO DA PRISÃO PREVENTIVA CLAMOR PÚBLICO. FUNDAMENTAÇÃO INIDÔNEA REQUISITO INSTRUMENTAL DE ADMISSIBILIDADE NÃO CONFIGURADO. MEDIDA DE EXCEÇÃO SUBSTITUÍDA PREQUESTIONAMENTO. ORDEM PARCIALMENTE CONCEDIDA.
A despeito da conclamada ordem pública destacada pela autoridade impetrada, o clamor social e a repercussão negativa figuram como consequências naturais de toda infração penal perpetrada e, justamente por isso, não se consubstanciam em fundamento suficiente à decretação de custódia preventiva. daí por que imprescindível em situações desse jaez averiguar a necessidade concreta da custódia cautelar. por ser considerada medida de cunho excepcional, deve restar suficientemente fundamentada nas hipóteses legais do artigo 312 do cpp, observando-se, ainda, as condições de admissibilidade, nos termos preconizados no artigo 313 do mesmo códex, devendo o aplicador apreciar as circunstancias do caso concreto. tratando-se, portanto, de crime culposo, a mantença da prisão preventiva esbarra-se em expressa disposição legal, a despeito da repercussão que a infração penal tenha ensejado. em que pese o cenário realçado pela autoridade impetrada, não se vislumbra presente requisito instrumental de admissibilidade expressamente previsto na legislação pertinente, espelhado no artigo 313, inciso i, do código de processo penal, porquanto se afigura imprescindível que o delito seja doloso, punido com pena privativa de liberdade superior a quatro anos. é assente na jurisprudência que, se o julgador aprecia integralmente as matérias que lhe são submetidas, se torna despicienda a manifestação expressa acerca de dispositivos legais utilizados pelas partes como sustentáculo às suas pretensões. ordem parcialmente concedida
3 - Pedido de liminar 
A leitura, por si só, da decisão que decretou a prisão preventiva do Paciente, demonstra na singeleza de sua redação a sua fragilidade legal e factual.
",0.5934748649597168
